[{"acousticness": 0.00358, "artist": "DEV", "danceability": 0.736, "duration_ms": 226226.0, "energy": 0.824, "explicit": 0.0, "genre": "pop, Dance/Electronic", "id": 1168.0, "instrumentalness": 0.000921, "key": 8.0, "liveness": 0.329, "loudness": -4.231, "mode": 1.0, "name": "In The Dark", "popularity": 52.0, "rank": 1.0, "score": 0.16937272547056872, "song": "In The Dark", "speechiness": 0.0672, "tempo": 124.954, "valence": 0.443, "year": 2012.0}, {"acousticness": 0.863, "artist": "Evanescence", "danceability": 0.19, "duration_ms": 262533.0, "energy": 0.265, "explicit": 0.0, "genre": "metal", "id": 456.0, "instrumentalness": 0.0, "key": 9.0, "liveness": 0.134, "loudness": -9.206, "mode": 1.0, "name": "My Immortal", "popularity": 72.0, "rank": 2.0, "score": 0.11667229911953254, "song": "My Immortal", "speechiness": 0.0356, "tempo": 79.012, "valence": 0.101, "year": 2003.0}, {"acousticness": 0.386, "artist": "B.o.B", "danceability": 0.688, "duration_ms": 268320.0, "energy": 0.853, "explicit": 0.0, "genre": "hip hop, pop", "id": 1053.0, "instrumentalness": 0.0, "key": 10.0, "liveness": 0.0862, "loudness": -5.814, "mode": 1.0, "name": "Nothin' on You (feat. Bruno Mars)", "popularity": 74.0, "rank": 3.0, "score": 0.1108212676440157, "song": "Nothin' on You (feat. Bruno Mars)", "speechiness": 0.0493, "tempo": 103.993, "valence": 0.743, "year": 2010.0}, {"acousticness": 0.138, "artist": "Nelly Furtado", "danceability": 0.622, "duration_ms": 243160.0, "energy": 0.608, "explicit": 0.0, "genre": "hip hop, pop, latin", "id": 106.0, "instrumentalness": 5.38e-06, "key": 10.0, "liveness": 0.273, "loudness": -5.085, "mode": 1.0, "name": "I'm Like A Bird", "popularity": 1.0, "rank": 4.0, "score": 0.09995722624019396, "song": "I'm Like A Bird", "speechiness": 0.036, "tempo": 89.661, "valence": 0.607, "year": 2000.0}, {"acousticness": 0.0302, "artist": "Big Tymers", "danceability": 0.675, "duration_ms": 335613.0, "energy": 0.607, "explicit": 1.0, "genre": "hip hop, pop", "id": 268.0, "instrumentalness": 8.97e-06, "key": 11.0, "liveness": 0.339, "loudness": -3.538, "mode": 1.0, "name": "Still Fly", "popularity": 64.0, "rank": 5.0, "score": 0.09975369706747925, "song": "Still Fly", "speechiness": 0.162, "tempo": 177.928, "valence": 0.56, "year": 2002.0}, {"acousticness": 0.209, "artist": "Eminem", "danceability": 0.637, "duration_ms": 250760.0, "energy": 0.678, "explicit": 1.0, "genre": "hip hop", "id": 521.0, "instrumentalness": 0.0, "key": 0.0, "liveness": 0.156, "loudness": -3.798, "mode": 1.0, "name": "Mockingbird", "popularity": 77.0, "rank": 6.0, "score": 0.08955705890761916, "song": "Mockingbird", "speechiness": 0.266, "tempo": 84.039, "valence": 0.254, "year": 2004.0}, {"acousticness": 0.0108, "artist": "Jay Sean", "danceability": 0.657, "duration_ms": 212106.0, "energy": 0.695, "explicit": 0.0, "genre": "hip hop, pop, R&B", "id": 913.0, "instrumentalness": 0.0, "key": 2.0, "liveness": 0.0822, "loudness": -4.493, "mode": 1.0, "name": "Down", "popularity": 3.0, "rank": 7.0, "score": 0.08241170052454372, "song": "Down", "speechiness": 0.0321, "tempo": 65.997, "valence": 0.683, "year": 2009.0}, {"acousticness": 0.0195, "artist": "Kanye West", "danceability": 0.629, "duration_ms": 207626.0, "energy": 0.696, "explicit": 1.0, "genre": "hip hop", "id": 488.0, "instrumentalness": 0.0, "key": 1.0, "liveness": 0.0554, "loudness": -5.572, "mode": 0.0, "name": "Gold Digger", "popularity": 78.0, "rank": 8.0, "score": 0.08099810705932828, "song": "Gold Digger", "speechiness": 0.348, "tempo": 93.034, "valence": 0.623, "year": 2005.0}, {"acousticness": 0.231, "artist": "Backstreet Boys", "danceability": 0.63, "duration_ms": 234960.0, "energy": 0.625, "explicit": 0.0, "genre": "pop", "id": 46.0, "instrumentalness": 0.0, "key": 6.0, "liveness": 0.0765, "loudness": -5.088, "mode": 0.0, "name": "Show Me the Meaning of Being Lonely", "popularity": 68.0, "rank": 9.0, "score": 0.07631073092652761, "song": "Show Me the Meaning of Being Lonely", "speechiness": 0.0252, "tempo": 167.998, "valence": 0.683, "year": 1999.0}, {"acousticness": 0.318, "artist": "Ginuwine", "danceability": 0.562, "duration_ms": 265533.0, "energy": 0.594, "explicit": 0.0, "genre": "hip hop, pop, R&B", "id": 195.0, "instrumentalness": 0.0, "key": 3.0, "liveness": 0.311, "loudness": -4.578, "mode": 0.0, "name": "Differences", "popularity": 65.0, "rank": 10.0, "score": 0.07414518704019091, "song": "Differences", "speechiness": 0.0558, "tempo": 62.876, "valence": 0.423, "year": 2001.0}]