[{"acousticness": 0.0822, "artist": "Blue", "danceability": 0.582, "duration_ms": 207560.0, "energy": 0.707, "explicit": 0.0, "genre": "pop", "id": 157.0, "instrumentalness": 0.0, "key": 10.0, "liveness": 0.0467, "loudness": -4.487, "mode": 1.0, "name": "If You Come Back", "popularity": 58.0, "rank": 1.0, "score": 0.15345088227745265, "song": "If You Come Back", "speechiness": 0.0319, "tempo": 78.375, "valence": 0.701, "year": 2001.0}, {"acousticness": 0.0807, "artist": "Aaliyah", "danceability": 0.797, "duration_ms": 284000.0, "energy": 0.622, "explicit": 0.0, "genre": "hip hop, pop, R&B", "id": 16.0, "instrumentalness": 0.0, "key": 6.0, "liveness": 0.0841, "loudness": -5.642, "mode": 0.0, "name": "Try Again", "popularity": 53.0, "rank": 2.0, "score": 0.152574526354203, "song": "Try Again", "speechiness": 0.29, "tempo": 93.02, "valence": 0.731, "year": 2002.0}, {"acousticness": 0.00836, "artist": "Gorillaz", "danceability": 0.818, "duration_ms": 222640.0, "energy": 0.705, "explicit": 0.0, "genre": "hip hop", "id": 515.0, "instrumentalness": 0.00233, "key": 6.0, "liveness": 0.613, "loudness": -6.679, "mode": 1.0, "name": "Feel Good Inc.", "popularity": 82.0, "rank": 3.0, "score": 0.11136205586925517, "song": "Feel Good Inc.", "speechiness": 0.177, "tempo": 138.559, "valence": 0.772, "year": 2005.0}, {"acousticness": 0.0233, "artist": "Jason Derulo", "danceability": 0.845, "duration_ms": 187521.0, "energy": 0.709, "explicit": 0.0, "genre": "hip hop, pop", "id": 1783.0, "instrumentalness": 0.0, "key": 10.0, "liveness": 0.094, "loudness": -4.547, "mode": 0.0, "name": "Tip Toe (feat. French Montana)", "popularity": 64.0, "rank": 4.0, "score": 0.10053755883076523, "song": "Tip Toe (feat. French Montana)", "speechiness": 0.0714, "tempo": 98.062, "valence": 0.62, "year": 2017.0}, {"acousticness": 0.0102, "artist": "MGMT", "danceability": 0.705, "duration_ms": 299960.0, "energy": 0.712, "explicit": 0.0, "genre": "rock", "id": 1657.0, "instrumentalness": 0.000855, "key": 6.0, "liveness": 0.1, "loudness": -6.156, "mode": 1.0, "name": "Little Dark Age", "popularity": 81.0, "rank": 5.0, "score": 0.09123760207540411, "song": "Little Dark Age", "speechiness": 0.0385, "tempo": 97.512, "valence": 0.62, "year": 2018.0}, {"acousticness": 0.0131, "artist": "iann dior", "danceability": 0.63, "duration_ms": 131213.0, "energy": 0.63, "explicit": 0.0, "genre": "hip hop, pop", "id": 1879.0, "instrumentalness": 0.0, "key": 9.0, "liveness": 0.142, "loudness": -6.211, "mode": 1.0, "name": "emotions", "popularity": 72.0, "rank": 6.0, "score": 0.08972286887338339, "song": "emotions", "speechiness": 0.0395, "tempo": 80.512, "valence": 0.163, "year": 2019.0}, {"acousticness": 0.0324, "artist": "Chris Brown", "danceability": 0.692, "duration_ms": 276560.0, "energy": 0.736, "explicit": 1.0, "genre": "hip hop, pop, R&B", "id": 999.0, "instrumentalness": 0.0, "key": 1.0, "liveness": 0.0787, "loudness": -5.109, "mode": 1.0, "name": "Deuces (feat. Tyga & Kevin McCall)", "popularity": 68.0, "rank": 7.0, "score": 0.08415474238961823, "song": "Deuces (feat. Tyga & Kevin McCall)", "speechiness": 0.11, "tempo": 73.987, "valence": 0.217, "year": 2011.0}, {"acousticness": 0.00433, "artist": "One Direction", "danceability": 0.536, "duration_ms": 228133.0, "energy": 0.768, "explicit": 0.0, "genre": "pop", "id": 1423.0, "instrumentalness": 0.0, "key": 10.0, "liveness": 0.114, "loudness": -5.948, "mode": 0.0, "name": "Steal My Girl", "popularity": 79.0, "rank": 8.0, "score": 0.08325698136716406, "song": "Steal My Girl", "speechiness": 0.0347, "tempo": 77.217, "valence": 0.545, "year": 2014.0}, {"acousticness": 0.0192, "artist": "Sean Kingston", "danceability": 0.839, "duration_ms": 239986.0, "energy": 0.804, "explicit": 0.0, "genre": "hip hop, pop, R&B", "id": 935.0, "instrumentalness": 0.0, "key": 1.0, "liveness": 0.331, "loudness": -2.513, "mode": 1.0, "name": "Fire Burning", "popularity": 71.0, "rank": 9.0, "score": 0.07288029896797724, "song": "Fire Burning", "speechiness": 0.0329, "tempo": 122.973, "valence": 0.888, "year": 2009.0}, {"acousticness": 0.000813, "artist": "Jay Rock", "danceability": 0.645, "duration_ms": 229670.0, "energy": 0.705, "explicit": 1.0, "genre": "hip hop, pop", "id": 1779.0, "instrumentalness": 0.0, "key": 1.0, "liveness": 0.128, "loudness": -5.008, "mode": 1.0, "name": "King's Dead (with Kendrick Lamar, Future & James Blake)", "popularity": 71.0, "rank": 10.0, "score": 0.060822482994776876, "song": "King's Dead (with Kendrick Lamar, Future & James Blake)", "speechiness": 0.299, "tempo": 137.133, "valence": 0.376, "year": 2018.0}]