[{"acousticness": 0.00727, "artist": "Destiny's Child", "danceability": 0.814, "duration_ms": 242013.0, "energy": 0.899, "explicit": 0.0, "genre": "pop, R&B", "id": 414.0, "instrumentalness": 0.219, "key": 1.0, "liveness": 0.0979, "loudness": -5.958, "mode": 1.0, "name": "Lose My Breath", "popularity": 61.0, "rank": 1.0, "score": 0.1520664580293631, "song": "Lose My Breath", "speechiness": 0.0637, "tempo": 119.011, "valence": 0.545, "year": 2004.0}, {"acousticness": 0.0199, "artist": "D12", "danceability": 0.78, "duration_ms": 304506.0, "energy": 0.634, "explicit": 1.0, "genre": "hip hop, pop, rock", "id": 154.0, "instrumentalness": 2.98e-05, "key": 1.0, "liveness": 0.29, "loudness": -5.941, "mode": 1.0, "name": "Purple Pills", "popularity": 68.0, "rank": 2.0, "score": 0.1115245115914541, "song": "Purple Pills", "speechiness": 0.16, "tempo": 125.25, "valence": 0.754, "year": 2001.0}, {"acousticness": 0.0594, "artist": "Ludacris", "danceability": 0.555, "duration_ms": 270746.0, "energy": 0.639, "explicit": 1.0, "genre": "hip hop, pop", "id": 540.0, "instrumentalness": 0.0, "key": 1.0, "liveness": 0.118, "loudness": -5.16, "mode": 1.0, "name": "Get Back", "popularity": 59.0, "rank": 3.0, "score": 0.11095617392466046, "song": "Get Back", "speechiness": 0.263, "tempo": 171.609, "valence": 0.184, "year": 2004.0}, {"acousticness": 0.0616, "artist": "Nelly", "danceability": 0.85, "duration_ms": 291781.0, "energy": 0.7, "explicit": 1.0, "genre": "hip hop, pop, R&B", "id": 186.0, "instrumentalness": 1.8e-06, "key": 7.0, "liveness": 0.244, "loudness": -6.49, "mode": 1.0, "name": "Ride Wit Me", "popularity": 75.0, "rank": 4.0, "score": 0.10656075218672399, "song": "Ride Wit Me", "speechiness": 0.0478, "tempo": 101.875, "valence": 0.722, "year": 2000.0}, {"acousticness": 0.0584, "artist": "Justin Timberlake", "danceability": 0.967, "duration_ms": 242733.0, "energy": 0.583, "explicit": 1.0, "genre": "pop", "id": 587.0, "instrumentalness": 0.0, "key": 7.0, "liveness": 0.0519, "loudness": -5.562, "mode": 0.0, "name": "SexyBack (feat. Timbaland)", "popularity": 78.0, "rank": 5.0, "score": 0.09883517327555755, "song": "SexyBack (feat. Timbaland)", "speechiness": 0.0789, "tempo": 117.0, "valence": 0.964, "year": 2006.0}, {"acousticness": 0.0208, "artist": "Flo Rida", "danceability": 0.747, "duration_ms": 224653.0, "energy": 0.937, "explicit": 0.0, "genre": "hip hop, pop", "id": 1176.0, "instrumentalness": 0.0, "key": 0.0, "liveness": 0.29, "loudness": -5.746, "mode": 1.0, "name": "Whistle", "popularity": 77.0, "rank": 6.0, "score": 0.09093988976570769, "song": "Whistle", "speechiness": 0.0453, "tempo": 103.976, "valence": 0.739, "year": 2012.0}, {"acousticness": 0.0642, "artist": "Cardi B", "danceability": 0.747, "duration_ms": 200889.0, "energy": 0.57, "explicit": 1.0, "genre": "hip hop, pop", "id": 1899.0, "instrumentalness": 0.0, "key": 1.0, "liveness": 0.0832, "loudness": -6.711, "mode": 1.0, "name": "Please Me", "popularity": 73.0, "rank": 7.0, "score": 0.09066287522390655, "song": "Please Me", "speechiness": 0.081, "tempo": 133.992, "valence": 0.65, "year": 2019.0}, {"acousticness": 0.226, "artist": "Beyonc\u00e9", "danceability": 0.75, "duration_ms": 301133.0, "energy": 0.458, "explicit": 0.0, "genre": "pop, R&B", "id": 470.0, "instrumentalness": 3.25e-05, "key": 1.0, "liveness": 0.137, "loudness": -9.092, "mode": 1.0, "name": "Me, Myself and I", "popularity": 62.0, "rank": 8.0, "score": 0.08748551258247916, "song": "Me, Myself and I", "speechiness": 0.0803, "tempo": 83.61, "valence": 0.536, "year": 2003.0}, {"acousticness": 0.74, "artist": "Alec Benjamin", "danceability": 0.652, "duration_ms": 169353.0, "energy": 0.557, "explicit": 0.0, "genre": "rock, pop, Dance/Electronic", "id": 1861.0, "instrumentalness": 0.0, "key": 1.0, "liveness": 0.124, "loudness": -5.714, "mode": 0.0, "name": "Let Me Down Slowly", "popularity": 82.0, "rank": 9.0, "score": 0.07600610456094041, "song": "Let Me Down Slowly", "speechiness": 0.0318, "tempo": 150.073, "valence": 0.483, "year": 2018.0}, {"acousticness": 0.695, "artist": "Tom Odell", "danceability": 0.445, "duration_ms": 244360.0, "energy": 0.537, "explicit": 1.0, "genre": "pop", "id": 1271.0, "instrumentalness": 1.65e-05, "key": 4.0, "liveness": 0.0944, "loudness": -8.532, "mode": 0.0, "name": "Another Love", "popularity": 88.0, "rank": 10.0, "score": 0.07496254885920704, "song": "Another Love", "speechiness": 0.04, "tempo": 122.769, "valence": 0.131, "year": 2013.0}]